insert into users (id, role, email, fio, position, password, salt)
values (1, 'ADMIN', 'admin@mail.ru', 'Администратор', 'Администратор', '365605ca3fc2ae3de28564b3f38edb38', '6zR3m'),
        (2, 'ADMIN', 'idrisov@mail.ru', 'Идрисов Булат', 'Руководитель проектов', '365605ca3fc2ae3de28564b3f38edb38', '6zR3m'), -- admin
        (3, 'ADMIN', 'gubskiy@mail.ru', 'Губский Яков', 'Менеджер проектов', '365605ca3fc2ae3de28564b3f38edb38', '6zR3m'),-- admin

        (4, 'USER', 'voditel@mail.ru', 'Камелевский Денис', 'Водитель', '365605ca3fc2ae3de28564b3f38edb38', '6zR3m'), -- admin
        (5, 'USER', 'effects@mail.ru', 'Клыков Артем', 'Специалист по эффектам',  '365605ca3fc2ae3de28564b3f38edb38', '6zR3m'), -- admin
        (6, 'USER', 'sound@mail.ru', 'Немцов Виктор', 'Звукооператор', '365605ca3fc2ae3de28564b3f38edb38', '6zR3m'), -- admin
        (7, 'USER', 'stage@mail.ru', 'Бондарев Антон', 'Монтажник сцены', '365605ca3fc2ae3de28564b3f38edb38', '6zR3m'), -- admin
        (8, 'USER', 'light@maill.ru', 'Грибов Артур', 'Художник по свету', '365605ca3fc2ae3de28564b3f38edb38', '6zR3m'); -- admin


 insert into projects (id, name, description, start_date, status, note, created, attachment_path, user_id)
 values (101, 'ЗАГС "Свияжские холмы"', 'Описание',
         '2020-04-09 18:47:52.69', 'PROGRESS', '', '2020-04-06', '', 2),
        (102, 'Ресторан «Love story»', 'Описание',
         '2020-05-15 18:47:52.69', 'DONE', '', '2020-05-10', '', 2),
        (103, 'Деревня Универсиады', 'Описание',
         '2020-05-01 18:47:52.69', 'DONE', '','2020-04-28','', 3),
        (104, 'ДК Химиков г. Набережные Челны', 'Описание',
        '2020-07-17 18:47:52.69', 'REGISTERED', '', '2012-12-09', '', 3);


 insert into tasks (id, name, description, project_id, user_id, end_date, status)
 values (1001, 'Монтаж сцены', '#', 101, 7, '2020-04-30 18:47:52.69', 'DONE'),
         (1002, 'Монтаж ферм', '#', 101, 7, '2020-04-30 18:47:52.69', 'DONE'),
         (1003, 'Монтаж экрана', '#', 101, 7, '2020-04-30 10:15:52.69', 'DONE'),
         (1004, 'Монтаж звукового оборудования', '#', 101, 6, '2020-04-30 18:47:52.69', 'DONE'),
         (1005, 'Монтаж светового оборудования', '#', 101, 8, '2020-04-30 18:11:52.69', 'DONE'),
         (1006, 'Подготовка эффектов', 'Тяжелый дым, конфетти', 101, 5, '2020-04-30 18:47:52.69', 'DONE'),
         (1007, 'Демонтаж', '#', 101, 7, '2020-11-29 18:47:52.69', 'PROGRESS'),
         (1008, 'Монтаж подиума', '#', 102, 7, '2020-05-25 18:47:52.69', 'DONE'),
         (1009, 'Монтаж светового оборудования', '#', 102, 8, '2020-05-25 18:47:52.69', 'DONE'),
         (1010, 'Подготовка тяжелого дыма', '#', 102, 5, '2020-05-25 18:55:52.69', 'DONE'),
         (1011, 'Демонтаж', '#', 102, 7, '2020-05-28 18:47:52.69', 'DONE'),
         (1012, 'Монтаж звукового оборудования', '#', 103, 6, '2020-05-10 18:27:52.69', 'DONE'),
         (1013, 'Монтаж светового оборудования', '#', 103, 8, '2020-05-10 18:42:52.69', 'DONE'),
         (1014, 'Демонтаж', '#', 103, 7, '2020-05-10 18:27:52.69', 'DONE'),
         (1015, 'Монтаж светового оборудования', '#', 104, 8, '2020-07-17 12:40:52.69', 'PROGRESS'),
         (1016, 'Демонтаж', '#', 104, 7, '2020-07-19 12:40:52.69', 'PROGRESS');
commit;